prevcommref,prevcommsystemid,prevcommid,trialref,prevcommexists,prevcommdate,prevcommdate_as_date,fromwhere,createdby,createdate,lastupdatedby,lastupdatedon
PC/JO/10,JO,10,T/JO/989,true,1662-06,1962-06-01T00:00:00,privy council,jhm,2001-10-11T14:46:44,jhm,2001-10-11T14:46:50
PC/JO/11,JO,11,T/JO/990,true,1662-06,1962-06-01T00:00:00,privy council,jhm,2001-10-11T14:54:10,jhm,2001-10-11T14:54:15
PC/JO/12,JO,12,T/JO/991,true,1662-06,1962-06-01T00:00:00,privy council,jhm,2001-10-11T15:03:17,jhm,2001-10-11T15:03:24
PC/JO/13,JO,13,T/JO/992,true,1662-06,1962-06-01T00:00:00,privy council,jhm,2001-10-11T15:10:53,jhm,2001-10-11T15:10:59
PC/JO/14,JO,14,T/JO/993,true,1662-06,1962-06-01T00:00:00,privy council,jhm,2001-10-11T15:17:57,jhm,2001-10-11T15:18:02
PC/JO/15,JO,15,T/JO/994,true,1662-06,1962-06-01T00:00:00,privy council,jhm,2001-10-11T15:25:29,jhm,2001-10-11T15:25:34
PC/JO/16,JO,16,T/JO/995,true,1662-06,1962-06-01T00:00:00,privy council,jhm,2001-10-11T15:31:47,jhm,2001-10-11T15:31:53
PC/JO/17,JO,17,T/JO/996,true,1662-06,1962-06-01T00:00:00,privy council,jhm,2001-10-11T15:37:46,jhm,2002-10-21T15:42:15
PC/JO/18,JO,18,T/JO/997,true,1662-06,1962-06-01T00:00:00,privy council,jhm,2001-10-11T15:45:10,jhm,2001-10-11T15:45:15
PC/JO/19,JO,19,T/JO/998,true,1662-06,1962-06-01T00:00:00,privy council,jhm,2001-10-11T15:52:15,jhm,2001-10-11T15:52:21
PC/JO/20,JO,20,T/JO/999,true,1662-06,1962-06-01T00:00:00,privy council,jhm,2001-10-11T15:59:11,jhm,2001-10-11T15:59:18
PC/JO/5,JO,5,T/JO/984,true,1662-06,1962-06-01T00:00:00,privy council,jhm,2001-10-11T12:54:09,jhm,2001-10-11T12:54:17
PC/JO/6,JO,6,T/JO/985,true,1662-06,1962-06-01T00:00:00,privy council,jhm,2001-10-11T13:07:48,jhm,2001-10-11T13:07:54
PC/JO/7,JO,7,T/JO/986,true,1662-06,1962-06-01T00:00:00,privy council,jhm,2001-10-11T13:16:52,jhm,2001-10-11T13:17:00
PC/JO/8,JO,8,T/JO/987,true,1662-06,1962-06-01T00:00:00,privy council,jhm,2001-10-11T13:33:26,jhm,2001-10-11T13:33:31
PC/JO/9,JO,9,T/JO/988,true,1662-06,1962-06-01T00:00:00,privy council,jhm,2001-10-11T14:39:08,jhm,2002-10-21T15:40:59
